capacity_tier,recommended_category,customers,average_readiness,average_category_probability,average_action_score
Priority,Sports,162,0.7585887835860331,0.6988534125270301,9.087923966996179
Priority,Home,157,0.7667247878687921,0.6710731968687133,9.042077417820336
Priority,Electronics,135,0.7963181047368099,0.7205984738419962,8.790744428257122
Priority,Fashion,112,0.8163741091421433,0.6793910510563416,8.85140365991099
Priority,Beauty,33,0.8521903086214849,0.7307640079397776,8.060709137048178
Review,Electronics,236,0.629521454308848,0.6257565013064658,5.87228852684475
Review,Home,214,0.5891802436131401,0.5944935880525911,5.901183022256874
Review,Fashion,209,0.6569764356485455,0.5798150245713157,5.874102796938741
Review,Sports,203,0.6064763073016719,0.5978366681719611,5.938447709925322
Review,Beauty,138,0.72037115455257,0.631960201885689,5.814054438616574
Monitor,Grocery,587,0.5749684669571942,0.5353197608242888,1.564718380849859
Monitor,Electronics,431,0.44014165019256546,0.5008798517369546,3.259941998756255
Monitor,Beauty,400,0.5039056987389651,0.48069079715094964,3.0406653980406264
Monitor,Fashion,372,0.4414952761937779,0.4663192350041714,3.196666169697395
Monitor,Sports,319,0.4374321033530919,0.4637838412876517,3.3266238529963728
Monitor,Home,291,0.4135502683250429,0.48673396429615806,3.378985360350936
