customer_id,score_date,recommended_category,category_probability,purchase_readiness_30d,expected_category_margin,action_score,second_category,third_category,capacity_tier,queue_rank
C01849,2025-11-01,Home,0.779741019979103,0.9156013535510522,17.71,12.643734538958082,Grocery,Fashion,Priority,1
C00696,2025-11-01,Sports,0.7897155188940843,0.9204543648806534,17.25,12.538974912555862,Grocery,Fashion,Priority,2
C01739,2025-11-01,Home,0.7473330394740231,0.9404706711558339,17.71,12.44738150028794,Grocery,Sports,Priority,3
C03574,2025-11-01,Sports,0.7865238679212673,0.9141649847278661,17.25,12.402966999934494,Electronics,Beauty,Priority,4
C00259,2025-11-01,Sports,0.7528644476290554,0.9476886387560829,17.25,12.307548691089663,Electronics,Home,Priority,5
C00852,2025-11-01,Sports,0.7890749421191148,0.8992347216529913,17.25,12.239971857462109,Home,Electronics,Priority,6
C01246,2025-11-01,Sports,0.7993670361836861,0.8873665323945903,17.25,12.23596932390281,Fashion,Home,Priority,7
C02995,2025-11-01,Home,0.7468363730104463,0.9239448617006149,17.71,12.220530996215764,Grocery,Electronics,Priority,8
C01037,2025-11-01,Electronics,0.8367765207371419,0.9437376085508804,15.38,12.145547128157308,Home,Grocery,Priority,9
C00467,2025-11-01,Electronics,0.8350888598063357,0.927334973060257,15.38,11.91038127968978,Beauty,Home,Priority,10
C00836,2025-11-01,Sports,0.8153084428707414,0.8378508539115928,17.25,11.783593594795036,Electronics,Grocery,Priority,11
C03405,2025-11-01,Sports,0.824229205590485,0.8283817880914293,17.25,11.777893988892869,Fashion,Beauty,Priority,12
C01778,2025-11-01,Home,0.7218560529121435,0.9176484593788342,17.71,11.731282779760113,Electronics,Sports,Priority,13
C01105,2025-11-01,Home,0.7295284155477465,0.9047368715434464,17.71,11.689153550573312,Fashion,Electronics,Priority,14
C03386,2025-11-01,Fashion,0.808251730644298,0.9036733503024255,15.99,11.679024833611871,Electronics,Sports,Priority,15
C01391,2025-11-01,Sports,0.8151220038822026,0.829777216425964,17.25,11.667376763149006,Fashion,Grocery,Priority,16
C03395,2025-11-01,Sports,0.7770712306120825,0.8672270764954856,17.25,11.624726899280033,Grocery,Fashion,Priority,17
C03670,2025-11-01,Sports,0.8054221738834664,0.8353769261084988,17.25,11.606336472212313,Grocery,Home,Priority,18
C01436,2025-11-01,Home,0.7073415801771583,0.925854564824711,17.71,11.598198081192002,Electronics,Grocery,Priority,19
C01393,2025-11-01,Sports,0.7633885918262096,0.8776174187981907,17.25,11.556863914849187,Fashion,Electronics,Priority,20
C00356,2025-11-01,Sports,0.7706854154768015,0.868866047037098,17.25,11.550986235339643,Home,Fashion,Priority,21
C03977,2025-11-01,Home,0.7638370360387718,0.8537623229886508,17.71,11.549315849058862,Electronics,Fashion,Priority,22
C02849,2025-11-01,Sports,0.7852513646845859,0.8506548344045155,17.25,11.522618250456588,Home,Fashion,Priority,23
C01835,2025-11-01,Sports,0.7821662848548071,0.8516303284317683,17.25,11.49051014352043,Grocery,Electronics,Priority,24
C03617,2025-11-01,Sports,0.7978268904377784,0.8319224198188753,17.25,11.449343833245003,Fashion,Beauty,Priority,25
C00317,2025-11-01,Home,0.7496208248970937,0.8605843360455491,17.71,11.424932455274485,Beauty,Fashion,Priority,26
C00385,2025-11-01,Home,0.7202240862787626,0.8939515071354032,17.71,11.402502165126938,Electronics,Grocery,Priority,27
C03512,2025-11-01,Sports,0.8376170313189951,0.7888506028583793,17.25,11.398018577077508,Home,Electronics,Priority,28
C00795,2025-11-01,Home,0.7231850914379089,0.8849658251243578,17.71,11.334295354478725,Electronics,Beauty,Priority,29
C03469,2025-11-01,Electronics,0.8371110859552227,0.8803050070101628,15.38,11.333723176399698,Beauty,Home,Priority,30
