order_id,customer_id,order_date,category,order_value,contribution_margin,used_discount,acquisition_channel,region
FIX-O001,FIX-C001,2025-01-05,Beauty,58.00,13.20,0,Organic,North
FIX-O002,FIX-C001,2025-02-11,Beauty,62.00,13.80,0,Organic,North
FIX-O003,FIX-C001,2025-03-18,Home,91.00,17.10,1,Organic,North
FIX-O004,FIX-C001,2025-04-24,Beauty,66.00,14.60,0,Organic,North
FIX-O005,FIX-C002,2025-01-09,Grocery,39.00,5.40,0,CRM,Central
FIX-O006,FIX-C002,2025-02-02,Grocery,42.00,5.80,0,CRM,Central
FIX-O007,FIX-C002,2025-03-01,Home,88.00,16.40,1,CRM,Central
FIX-O008,FIX-C002,2025-04-03,Grocery,45.00,6.20,0,CRM,Central
FIX-O009,FIX-C003,2025-01-14,Sports,82.00,16.10,0,Referral,West
FIX-O010,FIX-C003,2025-02-20,Sports,90.00,17.60,0,Referral,West
FIX-O011,FIX-C003,2025-03-26,Beauty,54.00,12.00,1,Referral,West
FIX-O012,FIX-C003,2025-05-01,Sports,94.00,18.30,0,Referral,West
FIX-O013,FIX-C004,2025-01-03,Home,98.00,18.50,0,Paid Search,South
FIX-O014,FIX-C004,2025-02-16,Home,103.00,19.10,0,Paid Search,South
FIX-O015,FIX-C004,2025-03-30,Grocery,41.00,5.60,1,Paid Search,South
FIX-O016,FIX-C004,2025-05-10,Home,108.00,20.00,0,Paid Search,South
FIX-O017,FIX-C005,2025-01-22,Beauty,52.00,11.70,1,Organic,Central
FIX-O018,FIX-C005,2025-02-27,Grocery,37.00,5.10,0,Organic,Central
FIX-O019,FIX-C005,2025-04-05,Beauty,61.00,13.50,0,Organic,Central
FIX-O020,FIX-C005,2025-05-14,Beauty,64.00,14.10,0,Organic,Central
FIX-O021,FIX-C006,2025-01-12,Sports,79.00,15.30,0,CRM,North
FIX-O022,FIX-C006,2025-02-08,Home,86.00,16.20,1,CRM,North
FIX-O023,FIX-C006,2025-03-12,Sports,87.00,17.00,0,CRM,North
FIX-O024,FIX-C006,2025-04-18,Sports,92.00,17.90,0,CRM,North
FIX-O025,FIX-C007,2025-01-18,Grocery,36.00,4.90,0,Referral,South
FIX-O026,FIX-C007,2025-02-24,Beauty,57.00,12.60,1,Referral,South
FIX-O027,FIX-C007,2025-03-29,Grocery,40.00,5.50,0,Referral,South
FIX-O028,FIX-C007,2025-05-06,Grocery,43.00,5.90,0,Referral,South
FIX-O029,FIX-C008,2025-01-07,Home,93.00,17.50,0,Paid Search,West
FIX-O030,FIX-C008,2025-02-14,Sports,84.00,16.30,0,Paid Search,West
FIX-O031,FIX-C008,2025-03-21,Home,101.00,18.90,1,Paid Search,West
FIX-O032,FIX-C008,2025-04-28,Home,106.00,19.70,0,Paid Search,West
